{"cameraMode":{"drawMode":0,"name":"Shaded","section":"Shading Mode"},"sceneLighting":true,"audioPlay":false,"sceneViewState":{"showFog":true,"showMaterialUpdate":true,"showSkybox":true,"showFlares":true,"showImageEffects":true,"showParticleSystems":true},"in2DMode":false,"pivot":{"x":13.613502502441407,"y":2.055403709411621,"z":6.294828414916992},"rotation":{"x":-0.36972227692604067,"y":0.38050997257232668,"z":-0.1693926453590393,"w":-0.8305739760398865},"size":16.242475509643556,"orthographic":false}