{"cameraMode":{"drawMode":0,"name":"Shaded","section":"Shading Mode"},"sceneLighting":false,"audioPlay":false,"sceneViewState":{"showFog":true,"showMaterialUpdate":true,"showSkybox":false,"showFlares":true,"showImageEffects":true,"showParticleSystems":true},"in2DMode":false,"pivot":{"x":-8.725852966308594,"y":-0.15670815110206605,"z":10.06020736694336},"rotation":{"x":-0.18485771119594575,"y":-0.7084837555885315,"z":0.20105423033237458,"w":-0.6508791446685791},"size":2.8578836917877199,"orthographic":false}