{"cameraMode":{"drawMode":0,"name":"Shaded","section":"Shading Mode"},"sceneLighting":true,"audioPlay":false,"sceneViewState":{"showFog":true,"showMaterialUpdate":true,"showSkybox":true,"showFlares":true,"showImageEffects":true,"showParticleSystems":true},"in2DMode":false,"pivot":{"x":-0.5934423208236694,"y":9.327037811279297,"z":3.8847827911376955},"rotation":{"x":-0.03596855700016022,"y":0.9284385442733765,"z":-0.3577694296836853,"w":-0.09334150701761246},"size":19.66192626953125,"orthographic":false}