{"cameraMode":{"drawMode":0,"name":"Shaded","section":"Shading Mode"},"sceneLighting":true,"audioPlay":false,"sceneViewState":{"showFog":true,"showMaterialUpdate":true,"showSkybox":true,"showFlares":true,"showImageEffects":true,"showParticleSystems":true},"in2DMode":false,"pivot":{"x":-14.204612731933594,"y":-8.579099655151368,"z":14.959354400634766},"rotation":{"x":-0.1508018523454666,"y":0.7940497398376465,"z":-0.2189951241016388,"w":-0.546759843826294},"size":55.587154388427737,"orthographic":false}