{"cameraMode":{"drawMode":0,"name":"Shaded","section":"Shading Mode"},"sceneLighting":true,"audioPlay":false,"sceneViewState":{"showFog":true,"showMaterialUpdate":true,"showSkybox":true,"showFlares":true,"showImageEffects":true,"showParticleSystems":true},"in2DMode":false,"pivot":{"x":2.3405818939208986,"y":13.024503707885743,"z":19.847576141357423},"rotation":{"x":-0.34748902916908266,"y":-0.6277992725372315,"z":0.36914530396461489,"w":-0.5907931923866272},"size":22.27310562133789,"orthographic":false}