{"cameraMode":{"drawMode":0,"name":"Shaded","section":"Shading Mode"},"sceneLighting":true,"audioPlay":false,"sceneViewState":{"showFog":true,"showMaterialUpdate":true,"showSkybox":true,"showFlares":true,"showImageEffects":true,"showParticleSystems":true},"in2DMode":false,"pivot":{"x":0.25017213821411135,"y":2.92449951171875,"z":36.70379638671875},"rotation":{"x":0.08760169893503189,"y":0.9101269245147705,"z":-0.3184848129749298,"w":0.25040942430496218},"size":19.014619827270509,"orthographic":false}